{
 "id": "5583",
 "text": "Mido é uma povoação portuguesa do Município de Almeida que foi sede da extinta Freguesia de Mido, freguesia que tinha 9,41 km² de área e 52 habitantes (2016), e, por isso, uma densidade populacional de 7,4 hab/km². A Freguesia de Mido foi extinta em 2013, no âmbito de uma reforma administrativa nacional, tendo sido agregada às freguesias de Leomil, Senouras e Aldeia Nova, para formar uma nova freguesia denominada União das Freguesias de Leomil, Mido, Senouras e Aldeia Nova com sede em Mido.Diário da República, 1.ª Série, n.º 19, Lei n.º 11-A/2013 de 28 de janeiro (Reorganização administrativa do território das freguesias). Acedido a 2 de fevereiro de 2013. ==População== ★ No censo de 1864 figura no concelho de Sabugal. Passou para o actual concelho (município) por decreto de 07/12/1870 Totais e grupos etários Instituto Nacional de Estatística (Recenseamentos Gerais da População) - https://www.ine.pt/xportal/xmain?xpid=INE&xpgid;=ine_publicacoes 1864 1878 1890 1900 1911 1920 1930 1940 1950 1960 1970 1981 1991 2001 2011 217 254 244 255 216 198 208 224 235 223 126 105 83 59 46 i) 2 0 ii) 1 2 iii) 21 11 iv) 35 33 i) 0 aos 14 anos; ii) 15 aos 24 anos; iii) 25 aos 64 anos; iv) 65 e mais anos |}{ \"version\": 2, \"width\": 500, \"height\": 200, \"data\": [ { \"name\": \"table\", \"values\": [ { \"x\": 1864, \"y\": 217 }, { \"x\": 1878, \"y\": 254 }, { \"x\": 1890, \"y\": 244 }, { \"x\": 1900, \"y\": 255 }, { \"x\": 1911, \"y\": 216 }, { \"x\": 1920, \"y\": 198 }, { \"x\": 1930, \"y\": 208 }, { \"x\": 1940, \"y\": 224 }, { \"x\": 1950, \"y\": 235 }, { \"x\": 1960, \"y\": 223 }, { \"x\": 1970, \"y\": 126 }, { \"x\": 1981, \"y\": 105 }, { \"x\": 1991, \"y\": 83 }, { \"x\": 2001, \"y\": 59 }, { \"x\": 2011, \"y\": 46 }, { \"x\": 2016, \"y\": 52 } ] } ], \"scales\": [ { \"name\": \"x\", \"type\": \"ordinal\", \"range\": \"width\", \"zero\": false, \"domain\": { \"data\": \"table\", \"field\": \"x\" } }, { \"name\": \"y\", \"type\": \"linear\", \"range\": \"height\", \"nice\": true, \"domain\": { \"data\": \"table\", \"field\": \"y\" } } ], \"axes\": [ { \"type\": \"x\", \"scale\": \"x\" }, { \"type\": \"y\", \"scale\": \"y\" } ], \"marks\": [ { \"type\": \"rect\", \"from\": { \"data\": \"table\" }, \"properties\": { \"enter\": { \"x\": { \"scale\": \"x\", \"field\": \"x\" }, \"y\": { \"scale\": \"y\", \"field\": \"y\" }, \"y2\": { \"scale\": \"y\", \"value\": 0 }, \"fill\": { \"value\": \"steelblue\" }, \"width\": { \"scale\": \"x\", \"band\": \"true\", \"offset\": -1 } } } } ] } ==Património== * Edificado: ** Fonte da Aldeia (Mergulho) - século XVIII/ XIX; ** Pequenos núcleos de Arquitectura Popular residencial e agrícola ** Ponte de S. Roque - século XIX/XX. * Religioso: ** Igreja Matriz - século XVIII/XIX; ** Capela de S. Roque - século XVIII; ** Calvário - século XVIII/XIX; * Arqueológico e Etnográfico: ** Lagar escavado na rocha no sítio da Lapa do Martinho - Período Romano; ** Sepultura Antropomórfica cavada na rocha no sítio da Vinha da Igreja - Medieval; ** Ruínas de Moinhos de água com açude no Rio Côa Categoria:Antigas freguesias de Almeida",
 "title": "Mido"
}