{
 "id": "6006",
 "text": "{ \"type\": \"ExternalData\", \"service\": \"page\", \"title\": \"Portugal/CAOP2019/Freguesias/Ázere.map\" } Ázere é uma freguesia portuguesa do município de Arcos de Valdevez, com 3,18 km² de área e 207 habitantes (censo de 2021). A sua densidade populacional é . ==Demografia== A população registada nos censos foi: Distribuição da População por Grupos Etários Ano 0-14 Anos 15-24 Anos 25-64 Anos > 65 Anos 2001 49 39 138 68 2011 22 30 118 77 2021 16 17 97 77 == Património == * Castro de Ázere * Ponte de Ázere / Ponte sobre o rio Ázere == Ligações externas == * São Cosme e São Damião de Ázere, Arquivo Distrital de Viana do Castelo Categoria:Freguesias de Arcos de Valdevez",
 "title": "Ázere (Arcos de Valdevez)"
}